{
	"components": [
		{
			"cachedName": "LWJGL 3",
			"cachedVersion": "3.3.1",
			"cachedVolatile": true,
			"dependencyOnly": true,
			"uid": "org.lwjgl3",
			"version": "3.3.1"
		},
		{
			"cachedName": "Minecraft",
			"cachedRequires": [
				{
					"equals": "3.3.1",
					"suggests": "3.3.1",
					"uid": "org.lwjgl3"
				}
			],
			"cachedVersion": "1.19.3",
			"important": true,
			"uid": "net.minecraft",
			"version": "1.19.3"
		},
		{
			"cachedName": "Intermediary Mappings",
			"cachedRequires": [
				{
					"equals": "1.19.3",
					"uid": "net.minecraft"
				}
			],
			"cachedVersion": "1.19.3",
			"cachedVolatile": true,
			"dependencyOnly": true,
			"uid": "net.fabricmc.intermediary",
			"version": "1.19.3"
		},
		{
			"cachedName": "Quilt Loader",
			"cachedRequires": [
				{
					"uid": "net.fabricmc.intermediary"
				}
			],
			"cachedVersion": "0.18.5",
			"uid": "org.quiltmc.quilt-loader",
			"version": "0.18.5"
		}
	],
	"formatVersion": 1
}
