{
  "formatVersion": 1,
  "game": "minecraft",
  "versionId": "2021.11.20",
  "name": "waffle's Modpack",
  "summary": "A client-side modpack made by wafflecoffee/Emmaffle, primarily for use on EMC.",
  "files": [
    {
      "path": "mods/amecs-1.3.4+mc.1.17.jar",
      "hashes": {
        "murmur2": "1119263781"
      },
      "downloads": [
        "https://edge.forgecdn.net/files/3375/445/amecs-1.3.4+mc.1.17.jar"
      ]
    },
    {
      "path": "mods/antighost-1.17.1-fabric0.36.1-1.1.4.jar",
      "hashes": {
        "sha512": "54ccb354556d65d896874d456235aff9135338b14271f82b126436eea5c3a71de10b8145d6057a89b32c0a2f764236f4f66b6e1a20a408dd921cb1c2fb8408e4"
      },
      "downloads": [
        "https://cdn.modrinth.com/data/Jw3Wx1KR/versions/1.17.1-fabric0.36.1-1.1.4/antighost-1.17.1-fabric0.36.1-1.1.4.jar"
      ]
    },
    {
      "path": "mods/architectury-2.6.35.jar",
      "hashes": {
        "murmur2": "1974939410"
      },
      "downloads": [
        "https://edge.forgecdn.net/files/3500/17/architectury-2.6.35.jar"
      ]
    },
    {
      "path": "mods/audiooutput-0.0.4.jar",
      "hashes": {
        "murmur2": "1040364283"
      },
      "downloads": [
        "https://edge.forgecdn.net/files/3351/318/audiooutput-0.0.4.jar"
      ]
    },
    {
      "path": "mods/authme-mc1.17.1-2.0.0.jar",
      "hashes": {
        "murmur2": "258772419"
      },
      "downloads": [
        "https://edge.forgecdn.net/files/3535/586/authme-mc1.17.1-2.0.0.jar"
      ]
    },
    {
      "path": "mods/better-enchanted-books-1.17-1.2.12.jar",
      "hashes": {
        "murmur2": "2675688257"
      },
      "downloads": [
        "https://edge.forgecdn.net/files/3474/277/better-enchanted-books-1.17-1.2.12.jar"
      ]
    },
    {
      "path": "mods/clean-logs-1.0.1.jar",
      "hashes": {
        "sha512": "1b9da99ea92fe749defac3342e56ee3e3252ac517e8581a161f1d6ae0c3b246deb85f97d6a2d4c39ddc6a2f439960ac45b9929aac2dfbc38024e4139d1dce702"
      },
      "downloads": [
        "https://cdn.modrinth.com/data/OTteoJUk/versions/1.0.1/clean-logs-1.0.1.jar"
      ]
    },
    {
      "path": "mods/clear-skies-mc117-1.5.70.jar",
      "hashes": {
        "murmur2": "871592578"
      },
      "downloads": [
        "https://edge.forgecdn.net/files/3399/879/clear-skies-mc117-1.5.70.jar"
      ]
    },
    {
      "path": "mods/clickthrough-1.17.1-fabric0.36.1-0.4.jar",
      "hashes": {
        "sha512": "7d98a0e24218ce1744f07041bdfe5476e6a8aae84b6006957f092fb5affa9d00aa7b47bcd72014875495833572affcff733cf37a106e2cc52cb6b15f6ef7cbc0"
      },
      "downloads": [
        "https://cdn.modrinth.com/data/Z5b0cAlD/versions/1.17.1-fabric0.36.1-0.4/clickthrough-1.17.1-fabric0.36.1-0.4.jar"
      ]
    },
    {
      "path": "mods/cloth-api-2.0.54.jar",
      "hashes": {
        "murmur2": "2308550397"
      },
      "downloads": [
        "https://edge.forgecdn.net/files/3336/395/cloth-api-2.0.54.jar"
      ]
    },
    {
      "path": "mods/cloth-config-5.1.40-fabric.jar",
      "hashes": {
        "murmur2": "617662973"
      },
      "downloads": [
        "https://edge.forgecdn.net/files/3521/267/cloth-config-5.1.40-fabric.jar"
      ]
    },
    {
      "path": "mods/cmdkeybind-1.5.2-1.17.jar",
      "hashes": {
        "murmur2": "3669459963"
      },
      "downloads": [
        "https://edge.forgecdn.net/files/3351/73/cmdkeybind-1.5.2-1.17.jar"
      ]
    },
    {
      "path": "mods/continuity-1.0.2+1.17.jar",
      "hashes": {
        "sha512": "4e67a2777f3cc9b8899e6b21da30447a39c477b2609b1c95643a1ac1bf21794fa1b5e24ab58ddc021049f4384b856bb5642366901d561709a9872dba439ea3a7"
      },
      "downloads": [
        "https://cdn.modrinth.com/data/1IjD5062/versions/1.0.2+1.17/continuity-1.0.2+1.17.jar"
      ]
    },
    {
      "path": "mods/CraftPresence-Fabric-1.17.1-Release-1.8.8.jar",
      "hashes": {
        "murmur2": "3688934347"
      },
      "downloads": [
        "https://edge.forgecdn.net/files/3475/682/CraftPresence-Fabric-1.17.1-Release-1.8.8.jar"
      ]
    },
    {
      "path": "mods/cullleaves-2.3.2.jar",
      "hashes": {
        "sha512": "e09a13efb20a36b7448fd3db688e2d810c00186a280be8f1e4ee2a1401267e544f981f8d8e042f15a00fef44abd9213a9eb46ffe3880b504c09ad5f5d532cf21"
      },
      "downloads": [
        "https://cdn.modrinth.com/data/GNxdLCoP/versions/2.3.2/cullleaves-2.3.2.jar"
      ]
    },
    {
      "path": "mods/DCCH-2.0+1.17.jar",
      "hashes": {
        "sha512": "e130d6319b421a8b0d2b7d76107d11eff06f425482254027f0ac3633503d4c7e1eed714da808f14dc377685b08f9c94fe830e7d679e0e8b0180d9afb6ca07fda"
      },
      "downloads": [
        "https://cdn.modrinth.com/data/sUbMm93i/versions/2.0+1.17/DCCH-2.0+1.17.jar"
      ]
    },
    {
      "path": "mods/durabilityviewer-1.17.1-fabric0.36.1-1.10.2.jar",
      "hashes": {
        "sha512": "aac002d6cc15393ce909012b5af94c689407df1ee2553bafd062c0af8a69ee05c157a4c5b57c4e57a396dd8138fbcbd65b5d34da8adfbbbd579fac87aa286312"
      },
      "downloads": [
        "https://cdn.modrinth.com/data/LTM1f0yY/versions/1.17.1-fabric0.36.1-1.10.2/durabilityviewer-1.17.1-fabric0.36.1-1.10.2.jar"
      ]
    },
    {
      "path": "mods/dynamic-fps-2.0.6.jar",
      "hashes": {
        "sha512": "f0bf0e0e75aa95e4f60b2d27ebb6d1c19e9357104e5591f2938f54df8b3457fe52da6b9d666108293d543e4de533dd3f46e9fb42e4f0fbfb42871b6aeb327fc7"
      },
      "downloads": [
        "https://cdn.modrinth.com/data/LQ3K71Q1/versions/v2.0.6/dynamic-fps-2.0.6.jar"
      ]
    },
    {
      "path": "mods/easiercrafting-1.17.1-fabric0.36.1-1.7.jar",
      "hashes": {
        "sha512": "1fa53b17c15b0f9e24cab69a367c857007ec9f8dd7daf5d564551837ef33f99b542ec6b94b82ca5a80d67a7f584de1f8f12d687a0ad554425210fc352470f885"
      },
      "downloads": [
        "https://cdn.modrinth.com//data/UylF21yz/versions/1.17.1-fabric0.36.1-1.7/easiercrafting-1.17.1-fabric0.36.1-1.7.jar"
      ]
    },
    {
      "path": "mods/enhancedblockentities-0.5+1.17.jar",
      "hashes": {
        "sha512": "1ed90636fe89e53ee46fff6505b3a7a622a5613e04aef872f30d7dc3f758995c4a5c55c6d572a378c1097a829767db34d25cc83f04020bfba8828fc2ef8ea9f1"
      },
      "downloads": [
        "https://cdn.modrinth.com//data/OVuFYfre/versions/0.5+1.17/enhancedblockentities-0.5+1.17.jar"
      ]
    },
    {
      "path": "mods/emcutils-1.17.1-2.3.2.jar",
      "hashes": {
        "sha512": "7b0a382800172e27ec3c8c7ceb3a38ca20665e2b179e8a4fa362858751e1c5051489176845ed866f4fd736f390fc0662bd3d4203a17650342f308102fdf3689f"
      },
      "downloads": [
        "https://cdn.modrinth.com/data/QYTT62S0/versions/2.3.2+fabric/emcutils-1.17.1-2.3.2.jar"
      ]
    },
    {
      "path": "mods/EntityCulling-Fabric-1.3.3.jar",
      "hashes": {
        "murmur2": "3251325506"
      },
      "downloads": [
        "https://edge.forgecdn.net/files/3388/827/EntityCulling-Fabric-1.3.3.jar"
      ]
    },
    {
      "path": "mods/esev-1.0.0.jar",
      "hashes": {
        "sha512": "e53a6f7808252f7ef782aea298a7d9b95ca97411b624f2cb348c7737ae989492e18c30c4f7996e0148689036f58d69f070be50fd4536660799ea49b0eda10f1c"
      },
      "downloads": [
        "https://cdn.modrinth.com/data/CnOyIhK0/versions/1.0.0/esev-1.0.0.jar"
      ]
    },
    {
      "path": "mods/fabric-api-0.43.1+1.17.jar",
      "hashes": {
        "sha512": "e0dfe002616fb8f7612f774174b062837ede2c5e7151a4b9825db1b10be4236b218a590127bce4d47a624af3c58c6032449fbe56dac02092fb4fe5490168c51c"
      },
      "downloads": [
        "https://cdn.modrinth.com/data/P7dR8mSH/versions/0.43.1+1.17/fabric-api-0.43.1+1.17.jar"
      ]
    },
    {
      "path": "mods/fabrishot-1.5.1.jar",
      "hashes": {
        "sha512": "e7e6a348f94c9b10aa6b00216606e6cdd33ab0dd202c28159e42b368247b31fc999a345bbe2d1cf64c0002bcb4aced3fa4d84d64528f03693166e086fa5307ec"
      },
      "downloads": [
        "https://cdn.modrinth.com/data/3qsfQtE9/versions/1.5.1/fabrishot-1.5.1.jar"
      ]
    },
    {
      "path": "mods/ferritecore-3.1.0-fabric.jar",
      "hashes": {
        "sha512": "d9e537185a3d39736ac765df5ba3a05f8ace5a3af87b350da57da8fd7e466b7b84a378c0f721f5ae6e685e2d24f28d58a760311287c4c0a8df0fbdbf610fb075"
      },
      "downloads": [
        "https://cdn.modrinth.com/data/uXXizFIs/versions/3.1.0/ferritecore-3.1.0-fabric.jar"
      ]
    },
    {
      "path": "mods/hydrogen-fabric-mc1.17.1-0.3.jar",
      "hashes": {
        "sha512": "db4079c26bf27b38d32ae60a47e7d347e01d43def5987e5c2cb25218e427b2f10f7fcb36f9de5d486a0953637793cd90450f8d2d7ff1a31cf8a90af3794646ad"
      },
      "downloads": [
        "https://cdn.modrinth.com/data/AZomiSrC/versions/mc1.17.1-0.3.1/hydrogen-fabric-mc1.17.1-0.3.jar"
      ]
    },
    {
      "path": "mods/indium-1.0.1+mc1.17.1.jar",
      "hashes": {
        "sha512": "d0aabd5ac37911aba79cda17dff9caecb21253e76e19dbf3b72a43f45e1c2ef4083a8ee15bfc57852842afdb12e10a6481032943315ab698e96fb3d238285e51"
      },
      "downloads": [
        "https://cdn.modrinth.com/data/Orvt0mRa/versions/1.0.1+mc1.17.1/indium-1.0.1+mc1.17.1.jar"
      ]
    },
    {
      "path": "mods/inspecio-1.1.0+1.17.jar",
      "hashes": {
        "sha512": "d77870fecc9aabaf6478de4095a6dd8b2f3cd93831d025df5d083754e0bb17033ce00e35b55486a75403ed8457ee27b7a8612326d463161b44ce34d6f3c214ea"
      },
      "downloads": [
        "https://cdn.modrinth.com/data/a93H3mKU/versions/1.1.0+1.17/inspecio-1.1.0+1.17.jar"
      ]
    },
    {
      "path": "mods/InventoryProfilesNext-fabric-1.17-1.1.6.jar",
      "hashes": {
        "sha512": "7b8e582932b2b607cb9651b58f372ab9a36ababa38fb18df04bb01ab4303544ec66bea6d3c0cdac64c4270bd5c7fedbefda2afc0d50f83b1cfaf4721469b467c"
      },
      "downloads": [
        "https://cdn.modrinth.com/data/O7RBXm3n/versions/fabric-1.17.1-1.1.6/InventoryProfilesNext-fabric-1.17-1.1.6.jar"
      ]
    },
    {
      "path": "mods/iris-and-sodium-mc1.17-1.1.2+build.9.jar",
      "hashes": {
        "sha512": "55a13a56c6eed76ab98fdce9bcf8f4dbaa66a2b09f6caf254fdd24ff4bd0f147542e380be9f854b85048848eaaa1d478beef84c3b8f4f271a345b529f312a161"
      },
      "downloads": [
        "https://cdn.modrinth.com//data/YL57xq9U/versions/mc1.17.1-1.1.2/iris-and-sodium-mc1.17-1.1.2+build.9.jar"
      ]
    },
    {
      "path": "mods/itemscroller-fabric-1.17.1-0.15.0-dev.20210707.005506.jar",
      "hashes": {
        "murmur2": "2166710212"
      },
      "downloads": [
        "https://edge.forgecdn.net/files/3379/264/itemscroller-fabric-1.17.1-0.15.0-dev.20210707.005506.jar"
      ]
    },
    {
      "path": "mods/krypton-0.1.4.jar",
      "hashes": {
        "sha512": "11caa7034af4b3902da46467e00fe734b5266817d7d312815ea23d3cb1d6ab6a9959625138b70e79dc70ff872fe066e8358c7c5cd1cb8cfa8099a08f26531481"
      },
      "downloads": [
        "https://cdn.modrinth.com/data/fQEb0iXm/versions/0.1.4/krypton-0.1.4.jar"
      ]
    },
    {
      "path": "mods/lambdabettergrass-1.2.1+1.17.jar",
      "hashes": {
        "sha512": "798c753adac190d945cc9838c12ee3af9812ccb8b0ba28da5e77949279906182174e51c53dd542dd683f4fd32fb0e9ee502d08decf7a117eef9925a81b2068c6"
      },
      "downloads": [
        "https://cdn.modrinth.com/data/2Uev7LdA/versions/1.2.1+1.17/lambdabettergrass-1.2.1+1.17.jar"
      ]
    },
    {
      "path": "mods/lambdynamiclights-2.0.2+1.17.jar",
      "hashes": {
        "sha512": "87b5a08e007c2fa387ca58c866e2c6db6d1335a8c7878d2c5a2c1df4058db3aeab99bdb214b28fa7e77b6094b7c3ab5c37370195696154ccb4ba1c1411468308"
      },
      "downloads": [
        "https://cdn.modrinth.com/data/yBW8D80W/versions/2.0.2+1.17/lambdynamiclights-2.0.2+1.17.jar"
      ]
    },
    {
      "path": "mods/lazydfu-0.1.2.jar",
      "hashes": {
        "sha512": "20b1cd3e62051c7d7498ecdc49912acb918fc4748d469c67c078cc97197289760e64b9339a4d4a03d175f648c8be8601d131776a9a6bdb8832cecdda6fc46498"
      },
      "downloads": [
        "https://cdn.modrinth.com/data/hvFnDODi/versions/0.1.2/lazydfu-0.1.2.jar"
      ]
    },
    {
      "path": "mods/light-overlay-6.0.1-fabric.jar",
      "hashes": {
        "murmur2": "843945705"
      },
      "downloads": [
        "https://edge.forgecdn.net/files/3492/614/light-overlay-6.0.1-fabric.jar"
      ]
    },
    {
      "path": "mods/litematica-fabric-1.17.1-0.0.0-dev.20210906.183617.jar",
      "hashes": {
        "murmur2": "2120323720"
      },
      "downloads": [
        "https://edge.forgecdn.net/files/3452/185/litematica-fabric-1.17.1-0.0.0-dev.20210906.183617.jar"
      ]
    },
    {
      "path": "mods/lithium-fabric-mc1.17.1-0.7.5.jar",
      "hashes": {
        "sha512": "8e8bf5ea7856773d48018b8a1fd3c34306794c79b914beda3466ac43daee53172f610fd39a62801834b4751d83a9b988ad1f3fc9c9bc2ad1787fba19626a684e"
      },
      "downloads": [
        "https://cdn.modrinth.com/data/gvQqBUqZ/versions/mc1.17.1-0.7.5/lithium-fabric-mc1.17.1-0.7.5.jar"
      ]
    },
    {
      "path": "mods/malilib-fabric-1.17.1-0.10.0-dev.26.jar",
      "hashes": {
        "murmur2": "326898747"
      },
      "downloads": [
        "https://edge.forgecdn.net/files/3498/871/malilib-fabric-1.17.1-0.10.0-dev.26.jar"
      ]
    },
    {
      "path": "mods/MemoryUsageScreen-1.17-1.2.jar",
      "hashes": {
        "sha512": "7dbd56fbcbe1e346a8fe14ac3f19614f8932c2d5741d648bac0a7f1be9b4e2d91080ed87f1b2c2a2ff92224ad4b98489b4c06e8d62fe0ef4364277ed0ed0900c"
      },
      "downloads": [
        "https://cdn.modrinth.com//data/n9mFA0ax/versions/1.17-1.2-Fabric/MemoryUsageScreen-1.17-1.2.jar"
      ]
    },
    {
      "path": "mods/minihud-fabric-1.17.1-0.19.0-dev.20210707.150016.jar",
      "hashes": {
        "murmur2": "1036661412"
      },
      "downloads": [
        "https://edge.forgecdn.net/files/3379/923/minihud-fabric-1.17.1-0.19.0-dev.20210707.150016.jar"
      ]
    },
    {
      "path": "mods/mixintrace-1.1.0+1.17.jar",
      "hashes": {
        "sha512": "70587fde860c3ac0971e68aa70cba923cfae122cd7775e754f674d044cd549714c9f8977733589c19f5e46bb33bb3fc0e28fb33ebbeeee46467f46caf8936c71"
      },
      "downloads": [
        "https://cdn.modrinth.com/data/sGmHWmeL/versions/1.1.0/mixintrace-1.1.0+1.17.jar"
      ]
    },
    {
      "path": "mods/modmenu-2.0.14.jar",
      "hashes": {
        "sha512": "37bf2ef96392f6feaed493a4cf7171667ef6abdc18a1cf177196d265778382252ee04874505614e77194c881022363471aa6ca3b8d63183bcd95d256eb8e51ff"
      },
      "downloads": [
        "https://cdn.modrinth.com/data/mOgUt4GM/versions/2.0.14/modmenu-2.0.14.jar"
      ]
    },
    {
      "path": "mods/morechathistory-1.17.1-1.1.0.jar",
      "hashes": {
        "sha512": "0f965e9571c9dba043460a3b569ec2f8d2f30df1c333e5b3bd66e6c6f98d850e0003185fccb4410c2d2b5035a1a8daba2e4950476c1988cce7d0a4571383e591"
      },
      "downloads": [
        "https://cdn.modrinth.com//data/8qkXwOnk/versions/mc1.17.1-1.1.0/morechathistory-1.17.1-1.1.0.jar"
      ]
    },
    {
      "path": "mods/nbttooltip-1.4.0-fabric.jar",
      "hashes": {
        "sha512": "97506821da73938c53ae7ff38519e59c381e9b617d2e02708bdf71b6ed37d3b743546adcf1738f70535d36a2e8ccb719786734bcc8b98fc35087f6a60c404baf"
      },
      "downloads": [
        "https://cdn.modrinth.com/data/G0GDoyVf/versions/1.4.0/nbttooltip-1.4.0-fabric.jar"
      ]
    },
    {
      "path": "mods/nmuk-1.0.1+mc1.17.jar",
      "hashes": {
        "sha512": "930239694b190b033e9944874b34347969eb45f21b08d59614d8b2ea9c51b183a1f92a86458547512c354ce31bbd02bb99a152c4f08902bc951dfc9ef802b7cb"
      },
      "downloads": [
        "https://cdn.modrinth.com/data/YCcdA1Lp/versions/1.0.1+mc1.17/nmuk-1.0.1+mc1.17.jar"
      ]
    },
    {
      "path": "mods/nostrip-1.2.1-1.17+.jar",
      "hashes": {
        "sha512": "9038bb1a04c9b9f0cd6127b1af89cd3c13fa96f36605b8d5b0595473e830b060ff26b7274cf0f97a6035c64588e11dd1d1ab26fe9d98017406975a62f2f2f9cb"
      },
      "downloads": [
        "https://cdn.modrinth.com/data/3f1BdVqy/versions/1.2.1/nostrip-1.2.1-1.17+.jar"
      ]
    },
    {
      "path": "mods/NoFog-1.17.1b1-Fabric.jar",
      "hashes": {
        "murmur2": "953089999"
      },
      "downloads": [
        "https://edge.forgecdn.net/files/3394/993/NoFog-1.17.1b1-Fabric.jar"
      ]
    },
    {
      "path": "mods/notenoughcrashes-4.1.1+1.17.1-fabric.jar",
      "hashes": {
        "sha512": "d8535c38f57aa8d99d49bee1f15476366bc23fa8b38521596247f37db1c582ecc378a11e5df5ddf4a629b0d20e931027153a5f482d13702eaa691ef576d9380a"
      },
      "downloads": [
        "https://cdn.modrinth.com/data/yM94ont6/versions/4.1.1+1.17.1-fabric/notenoughcrashes-4.1.1+1.17.1-fabric.jar"
      ]
    },
    {
      "path": "mods/okzoomer-5.0.0-beta.2+1.17.jar",
      "hashes": {
        "sha512": "5a94b1deca674ed6b569d505f2e27d42b53a85bbde860851a821e8743501844e3f264e039e05008df7305912b6f256398ceca581585822bd8ffbaa1c66cd93bd"
      },
      "downloads": [
        "https://cdn.modrinth.com/data/aXf2OSFU/versions/5.0.0-beta.2+1.17/okzoomer-5.0.0-beta.2+1.17.jar"
      ]
    },
    {
      "path": "mods/critical-orientation-2.0.1.jar",
      "hashes": {
        "sha512": "bcf0ec94583eafc796d1fb3a2ef1240064c27503610a2d57524e7ec22d68c0f25f95758e0492bf9ec212b619723b0dba073bb8bc2c4cda8190f13e9b207dc620"
      },
      "downloads": [
        "https://cdn.modrinth.com/data/AFqV4ew3/versions/2.0.1/critical-orientation-2.0.1.jar"
      ]
    },
    {
      "path": "mods/PetOwner-1.8.1-1.17-rc1+.jar",
      "hashes": {
        "sha512": "ad5a33bf4196289138563d76281a354460dd07facc643d723d0113571096c58cae9b58ffbd617cf6952e5d99b45fb547897ccd3243d000f3d8927ccb4d9d9910"
      },
      "downloads": [
        "https://cdn.modrinth.com/data/IxUlAAFe/versions/1.8.1/PetOwner-1.8.1-1.17-rc1+.jar"
      ]
    },
    {
      "path": "mods/QuickConnectButton-1.0.jar",
      "hashes": {
        "sha512": "13bafae981f0e4dcb9c3a5cf16eb574c91b719528dcc122ae89ec45ae7427b234a71bc5a1400b2befb6fe15befcd0b1ae8b0c746545dc6d4566c2b854245b1f2"
      },
      "downloads": [
        "https://cdn.modrinth.com/data/erzkR85H/versions/1.0/QuickConnectButton-1.0.jar"
      ]
    },
    {
      "path": "mods/quilt-loading-screen-2.2.0+1.17.jar",
      "hashes": {
        "sha512": "d27e90e8545002e16bb13bc20175675c4559d78502b6ebff9c7d16454f895f201cce60c4b0f7c4f21b48120c12f8fc71dcb1c14af55799484164fe6b12346285"
      },
      "downloads": [
        "https://cdn.modrinth.com/data/VPU6VYVP/versions/2.2.0+1.17/quilt-loading-screen-2.2.0+1.17.jar"
      ]
    },
    {
      "path": "mods/rainbowify-1.1.2.jar",
      "hashes": {
        "sha512": "e64cedcac489816edeb7d8bcd5a6a209770b1da01ea497cc1a274375ea651de2e6526d5806d236c7ae7d9f85a78c1846992e8a19ad2fe480eb7c02607f16c610"
      },
      "downloads": [
        "https://cdn.modrinth.com/data/m9FFV06N/versions/1.1.2/rainbowify-1.1.2.jar"
      ]
    },
    {
      "path": "mods/rebind-all-the-keys-1.1.1+1.17.jar",
      "hashes": {
        "sha512": "23346ed72ff58b6e0b34bfdd0f73a41f1543c11afc31583b2042895a863fcc01724099c01c0bd22260e7bccbcd406c22090102fe366c94349e0fb7fc739b4c38"
      },
      "downloads": [
        "https://cdn.modrinth.com/data/TpKqzzMu/versions/v1.1.1+1.17/rebind-all-the-keys-1.1.1+1.17.jar"
      ]
    },
    {
      "path": "mods/RoughlyEnoughItems-6.2.335.jar",
      "hashes": {
        "murmur2": "3093675961"
      },
      "downloads": [
        "https://edge.forgecdn.net/files/3532/452/RoughlyEnoughItems-6.2.335.jar"
      ]
    },
    {
      "path": "mods/screenshot-to-clipboard-1.0.7-fabric.jar",
      "hashes": {
        "sha512": "7c1aa5235c08f5ddc2172a7cefe947e472793622cfb7f0a91ea628cf33da8ecd3ffdf9ac0732b577f56ca625d3d6380044c0ec95597290d3047b1953dbe763f3"
      },
      "downloads": [
        "https://cdn.modrinth.com/data/1KiJRrTg/versions/1.0.7+fabric/screenshot-to-clipboard-1.0.7-fabric.jar"
      ]
    },
    {
      "path": "mods/slight-gui-modifications-2.0.2.jar",
      "hashes": {
        "murmur2": "2554437827"
      },
      "downloads": [
        "https://edge.forgecdn.net/files/3512/331/slight-gui-modifications-2.0.2.jar"
      ]
    },
    {
      "path": "mods/SmoothScrollingEverywhere-3.0.3-unstable.jar",
      "hashes": {
        "murmur2": "4122230217"
      },
      "downloads": [
        "https://edge.forgecdn.net/files/3453/127/SmoothScrollingEverywhere-3.0.3-unstable.jar"
      ]
    },
    {
      "path": "mods/starlight-1.0.0+fabric.73f6d37.jar",
      "hashes": {
        "sha512": "e2308963e019f030b804e787f9996044e12a63436754def273b79063b1ba3c99dc7311acbe99edab9dab290da97a75ac67e99715f485bc04d9e13e75a6a6644e"
      },
      "downloads": [
        "https://cdn.modrinth.com/data/H8CaAYZC/versions/Starlight 1.0.0 1.17.x/starlight-1.0.0+fabric.73f6d37.jar"
      ]
    },
    {
      "path": "mods/timechanger-1.1.0.jar",
      "hashes": {
        "sha512": "db5af587525360ee9020b62d97dd78bbf3609a56849127dba2b318d8d7031012ce155df2adc9d3d4392bc46419f19c6db97efffa4ec9efd190f5bb481f81b9da"
      },
      "downloads": [
        "https://cdn.modrinth.com/data/1itdse3V/versions/1.1.0/timechanger-1.1.0.jar"
      ]
    },
    {
      "path": "mods/torohealth-1.17.1-fabric-12.jar",
      "hashes": {
        "murmur2": "518668187"
      },
      "downloads": [
        "https://edge.forgecdn.net/files/3431/913/torohealth-1.17.1-fabric-12.jar"
      ]
    },
    {
      "path": "mods/worldedit-mod-7.2.7.jar",
      "hashes": {
        "murmur2": "3830836161"
      },
      "downloads": [
        "https://edge.forgecdn.net/files/3502/100/worldedit-mod-7.2.7.jar"
      ]
    },
    {
      "path": "mods/wthit-fabric-3.11.2.jar",
      "hashes": {
        "sha512": "cdce278ca69343c2805e2b38c6d4fbb935f36c54ac381b9541dd972c166631a1d17e36e94ff84c3fafe9ab98ee295c46d49125af81fea30222197ba240eb0a73"
      },
      "downloads": [
        "https://cdn.modrinth.com/data/6AQIaxuO/versions/fabric-3.11.2/wthit-fabric-3.11.2.jar"
      ]
    },
    {
      "path": "mods/Xaeros_Minimap_21.22.2_Fabric_1.17.1.jar",
      "hashes": {
        "murmur2": "3396193307"
      },
      "downloads": [
        "https://edge.forgecdn.net/files/3532/551/Xaeros_Minimap_21.22.2_Fabric_1.17.1.jar"
      ]
    },
    {
      "path": "mods/XaerosWorldMap_1.18.3_Fabric_1.17.1.jar",
      "hashes": {
        "murmur2": "1907648014"
      },
      "downloads": [
        "https://edge.forgecdn.net/files/3532/563/XaerosWorldMap_1.18.3_Fabric_1.17.1.jar"
      ]
    }
  ],
  "dependencies": {
    "minecraft": "1.17.1",
    "fabric-loader": "0.12.5"
  }
}