{
  "components": [
    {
      "cachedName": "LWJGL 3",
      "cachedVersion": "3.2.2",
      "cachedVolatile": true,
      "dependencyOnly": true,
      "uid": "org.lwjgl3",
      "version": "3.2.2"
    },
    {
      "cachedName": "Minecraft",
      "cachedRequires": [
        {
          "equals": "3.2.2",
          "suggests": "3.2.2",
          "uid": "org.lwjgl3"
        }
      ],
      "cachedVersion": "1.16.5",
      "important": true,
      "uid": "net.minecraft",
      "version": "1.16.5"
    },
    {
      "cachedName": "Intermediary Mappings",
      "cachedRequires": [
        {
          "equals": "1.16.5",
          "uid": "net.minecraft"
        }
      ],
      "cachedVersion": "1.16.5",
      "cachedVolatile": true,
      "dependencyOnly": true,
      "uid": "net.fabricmc.intermediary",
      "version": "1.16.5"
    },
    {
      "cachedName": "Fabric Loader",
      "cachedRequires": [
        {
          "uid": "net.fabricmc.intermediary"
        }
      ],
      "cachedVersion": "0.11.3",
      "uid": "net.fabricmc.fabric-loader",
      "version": "0.11.3"
    }
  ],
  "formatVersion": 1
}
